<?xml version="1.0" encoding="UTF-8"?>

<beans xmlns="http://www.springframework.org/schema/beans"
	xmlns:context="http://www.springframework.org/schema/context"

	xmlns:xsi="http://www.w3.org/2001/XMLSchema-instance"

	xmlns:mybatis-spring="http://mybatis.org/schema/mybatis-spring"

	xsi:schemaLocation="

http://mybatis.org/schema/mybatis-spring 

http://mybatis.org/schema/mybatis-spring.xsd

http://www.springframework.org/schema/beans http://www.springframework.org/schema/beans/spring-beans.xsd
http://www.springframework.org/schema/context
http://www.springframework.org/schema/context/spring-context-3.0.xsd">
	

<!-- @Repository 애노테이션을 해당 패키지에 인식시키게 하기 위한 설정을 추가함 -->
<context:component-scan base-package="com.freehoon.web.board.dao"></context:component-scan>


<!--dataSource 객체 설정 -->

<bean id="dataSource" class="org.springframework.jdbc.datasource.DriverManagerDataSource">

<!-- <property name="driverClassName" value="com.mysql.cj.jdbc.Driver" />

<property name="url" value="jdbc:mysql://127.0.0.1:3306/mess?useSSL=false&amp;serverTimezone=Asia/Seoul" /> -->

<property name="driverClassName" value="net.sf.log4jdbc.sql.jdbcapi.DriverSpy" />

        <property name="url" value="jdbc:log4jdbc:mysql://127.0.0.1:3306/mess?allowPublicKeyRetrieval=true&amp;useSSL=false&amp;serverTimezone=UTC" />


        <property name="username" value="root"></property>

        <property name="password" value="1234"></property>

</bean>  



<!-- SqlSessionFactory 객체 설정 -->

<bean id="SqlSessionFactory" class="org.mybatis.spring.SqlSessionFactoryBean">

<property name="dataSource" ref="dataSource" />       

<property name="mapperLocations" value="classpath:/mappers/**/*Mapper.xml" />

</bean>

	

<!-- SqlSession Template 설정 -->

<bean id="sqlSession" class="org.mybatis.spring.SqlSessionTemplate" destroy-method="clearCache">

<constructor-arg name="sqlSessionFactory" ref="SqlSessionFactory" />

</bean>

</beans>